Paradigm,Mode,N,Processes,TotalTime,CommTime,CompTime,ScatterTime,ReduceTime,GatherTime,Throughput_M_elems_per_sec,Speedup,Efficiency,Status
Sequential,Sequential,1000000,1,0.044658,0.000000,0.044658,0.000000,0.000000,0.000000,22.39,1.0000,100.00,PASSED
MPI,InSitu,1000000,1,0.053014,0.000009,0.053003,0.000000,0.000009,0.000000,18.86,0.8424,84.24,PASSED
MPI,InSitu,1000000,2,0.034257,0.000142,0.034105,0.000000,0.000142,0.000000,29.19,1.3036,65.18,PASSED
MPI,InSitu,1000000,4,0.024431,0.004155,0.024314,0.000000,0.004155,0.000000,40.93,1.8279,45.70,PASSED
MPI,InSitu,1000000,8,0.045560,0.027663,0.045481,0.000000,0.000073,0.000000,21.95,0.9802,12.25,PASSED
MPI,InSitu,1000000,16,0.025879,0.018460,0.020277,0.000000,0.016862,0.000000,38.64,1.7256,10.79,PASSED
MPI,ScatterGather,1000000,1,0.079104,0.034870,0.044232,0.011096,0.000011,0.023762,12.64,0.5645,56.45,PASSED
MPI,ScatterGather,1000000,2,0.060157,0.028950,0.033531,0.009793,0.000082,0.016742,16.62,0.7424,37.12,PASSED
MPI,ScatterGather,1000000,4,0.053727,0.036040,0.019218,0.018669,0.001633,0.015738,18.61,0.8312,20.78,PASSED
MPI,ScatterGather,1000000,8,0.082339,0.057625,0.028922,0.028843,0.004066,0.015886,12.14,0.5424,6.78,PASSED
MPI,ScatterGather,1000000,16,0.084939,0.078840,0.013243,0.061701,0.002881,0.014259,11.77,0.5258,3.29,PASSED
Sequential,Sequential,10000000,1,0.477381,0.000000,0.477381,0.000000,0.000000,0.000000,20.95,1.0000,100.00,PASSED
MPI,InSitu,10000000,1,0.474867,0.000010,0.474857,0.000000,0.000010,0.000000,21.06,1.0053,100.53,PASSED
MPI,InSitu,10000000,2,0.293179,0.000128,0.293047,0.000000,0.000128,0.000000,34.11,1.6283,81.41,PASSED
MPI,InSitu,10000000,4,0.291042,0.073043,0.290921,0.000000,0.073043,0.000000,34.36,1.6402,41.01,PASSED
MPI,InSitu,10000000,8,0.361049,0.124055,0.358768,0.000000,0.002276,0.000000,27.70,1.3222,16.53,PASSED
MPI,InSitu,10000000,16,0.403535,0.218055,0.390667,0.000000,0.065487,0.000000,24.78,1.1830,7.39,PASSED
MPI,ScatterGather,10000000,1,0.994222,0.536515,0.457704,0.106259,0.000013,0.430242,10.06,0.4802,48.02,PASSED
MPI,ScatterGather,10000000,2,0.642402,0.371754,0.317292,0.122967,0.046775,0.202012,15.57,0.7431,37.16,PASSED
MPI,ScatterGather,10000000,4,0.794857,0.587666,0.225797,0.189065,0.000098,0.386933,12.58,0.6006,15.01,PASSED
MPI,ScatterGather,10000000,8,0.886666,0.584113,0.354701,0.206199,0.012342,0.362866,11.28,0.5384,6.73,PASSED
MPI,ScatterGather,10000000,16,0.746240,0.690002,0.229777,0.279675,0.128287,0.279067,13.40,0.6397,4.00,PASSED
Sequential,Sequential,50000000,1,9.397639,0.000000,9.397639,0.000000,0.000000,0.000000,5.32,1.0000,100.00,PASSED
MPI,InSitu,50000000,1,10.525492,0.012803,10.512685,0.000000,0.012803,0.000000,4.75,0.8928,89.28,PASSED
MPI,InSitu,50000000,2,1.964464,0.000903,1.963556,0.000000,0.000903,0.000000,25.45,4.7838,239.19,PASSED
MPI,InSitu,50000000,4,2.069166,0.845554,2.065230,0.000000,0.845554,0.000000,24.16,4.5418,113.54,PASSED
MPI,InSitu,50000000,8,1.855514,0.878126,1.843125,0.000000,0.878126,0.000000,26.95,5.0647,63.31,PASSED
MPI,InSitu,50000000,16,1.426153,0.399786,1.425504,0.000000,0.161852,0.000000,35.06,6.5895,41.18,PASSED
MPI,ScatterGather,50000000,1,7.009781,4.617650,2.390728,0.533711,0.000008,4.083931,7.13,1.3406,134.06,PASSED
MPI,ScatterGather,50000000,2,5.994711,4.685683,1.330964,0.587658,0.000103,4.071005,8.34,1.5677,78.38,PASSED
MPI,ScatterGather,50000000,4,5.629861,4.601953,1.264049,0.840144,0.000102,3.525437,8.88,1.6692,41.73,PASSED
MPI,ScatterGather,50000000,8,3.691806,2.651648,1.273199,0.851783,0.000158,1.530684,13.54,2.5455,31.82,PASSED
MPI,ScatterGather,50000000,16,4.532550,4.060336,1.129882,1.214116,0.454428,2.391792,11.03,2.0734,12.96,PASSED
